event,time,magnitude,e_magnitude,upperlimit,band,instrument,telescope,source
LSQ12gdj,56237.5,18.3,,F,,,,"2012ATel.4566....1C,Latest Supernovae"
LSQ12gdj,56242.05339,17.487,0.012,F,i,QUEST,ESO Schmidt,2015ApJS..219...13W
LSQ12gdj,56242.05846,17.184,0.008,F,r,QUEST,ESO Schmidt,2015ApJS..219...13W
LSQ12gdj,56242.06586,17.037,0.008,F,V,QUEST,ESO Schmidt,2015ApJS..219...13W
LSQ12gdj,56242.07164,17.006,0.009,F,B,QUEST,ESO Schmidt,2015ApJS..219...13W
LSQ12gdj,56242.10,17.02,0.01,F,B,EFOSC,NTT,2015A&A...579A..40S
LSQ12gdj,56242.10,17.47,0.01,F,I,EFOSC,NTT,2015A&A...579A..40S
LSQ12gdj,56242.10,17.19,0.01,F,R,EFOSC,NTT,2015A&A...579A..40S
LSQ12gdj,56242.10,17.05,0.01,F,V,EFOSC,NTT,2015A&A...579A..40S
LSQ12gdj,56243.05085,17.218,0.01,F,i,QUEST,ESO Schmidt,2015ApJS..219...13W
LSQ12gdj,56243.05672,16.943,0.007,F,r,QUEST,ESO Schmidt,2015ApJS..219...13W
LSQ12gdj,56243.06756,16.801,0.008,F,V,QUEST,ESO Schmidt,2015ApJS..219...13W
LSQ12gdj,56243.07416,16.743,0.007,F,B,QUEST,ESO Schmidt,2015ApJS..219...13W
LSQ12gdj,56243.10,16.76,0.01,F,B,EFOSC,NTT,2015A&A...579A..40S
LSQ12gdj,56243.10,17.20,0.01,F,I,EFOSC,NTT,2015A&A...579A..40S
LSQ12gdj,56243.10,16.94,0.01,F,R,EFOSC,NTT,2015A&A...579A..40S
LSQ12gdj,56243.10,16.81,0.01,F,V,EFOSC,NTT,2015A&A...579A..40S
LSQ12gdj,56243.8292,16.555,0.069,F,UVW1,UVOT,Swift,2014Ap&SS.354...89B
LSQ12gdj,56243.90,16.65,0.07,F,B,UVOT,Swift,2015A&A...579A..40S
LSQ12gdj,56243.90,15.41,0.05,F,U,UVOT,Swift,2015A&A...579A..40S
LSQ12gdj,56243.90,18.63,0.11,F,UVM2,UVOT,Swift,2015A&A...579A..40S
LSQ12gdj,56243.90,16.56,0.08,F,UVW1,UVOT,Swift,2015A&A...579A..40S
LSQ12gdj,56243.90,18.34,0.11,F,UVW2,UVOT,Swift,2015A&A...579A..40S
LSQ12gdj,56243.90,16.77,0.09,F,V,UVOT,Swift,2015A&A...579A..40S
LSQ12gdj,56243.9305,15.456,0.061,F,U,UVOT,Swift,2014Ap&SS.354...89B
LSQ12gdj,56243.9315,16.734,0.062,F,B,UVOT,Swift,2014Ap&SS.354...89B
LSQ12gdj,56243.9339,18.319,0.104,F,UVW2,UVOT,Swift,2014Ap&SS.354...89B
LSQ12gdj,56243.9362,16.691,0.075,F,V,UVOT,Swift,2014Ap&SS.354...89B
LSQ12gdj,56243.9391,18.592,0.102,F,UVM2,UVOT,Swift,2014Ap&SS.354...89B
LSQ12gdj,56245.00,16.38,0.01,F,G,EFOSC,NTT,2015A&A...579A..40S
LSQ12gdj,56245.00,16.81,0.02,F,I,EFOSC,NTT,2015A&A...579A..40S
LSQ12gdj,56245.00,16.52,0.01,F,R,EFOSC,NTT,2015A&A...579A..40S
LSQ12gdj,56245.00,17.28,0.01,F,Z,EFOSC,NTT,2015A&A...579A..40S
LSQ12gdj,56245.04832,16.569,0.009,F,r,QUEST,ESO Schmidt,2015ApJS..219...13W
LSQ12gdj,56245.05497,16.844,0.012,F,i,QUEST,ESO Schmidt,2015ApJS..219...13W
LSQ12gdj,56245.06109,16.435,0.009,F,V,QUEST,ESO Schmidt,2015ApJS..219...13W
LSQ12gdj,56245.06637,16.357,0.009,F,B,QUEST,ESO Schmidt,2015ApJS..219...13W
LSQ12gdj,56245.10,16.40,0.01,F,B,EFOSC,NTT,2015A&A...579A..40S
LSQ12gdj,56245.10,16.84,0.01,F,I,EFOSC,NTT,2015A&A...579A..40S
LSQ12gdj,56245.10,16.57,0.01,F,R,EFOSC,NTT,2015A&A...579A..40S
LSQ12gdj,56245.10,16.46,0.01,F,V,EFOSC,NTT,2015A&A...579A..40S
LSQ12gdj,56246.00,16.29,0.01,F,B,EFOSC,NTT,2015A&A...579A..40S
LSQ12gdj,56246.00,16.30,0.01,F,G,EFOSC,NTT,2015A&A...579A..40S
LSQ12gdj,56246.00,16.72,0.01,F,I,EFOSC,NTT,2015A&A...579A..40S
LSQ12gdj,56246.00,16.74,0.01,F,I,EFOSC,NTT,2015A&A...579A..40S
LSQ12gdj,56246.00,16.45,0.02,F,R,EFOSC,NTT,2015A&A...579A..40S
LSQ12gdj,56246.00,16.46,0.01,F,R,EFOSC,NTT,2015A&A...579A..40S
LSQ12gdj,56246.00,16.34,0.01,F,V,EFOSC,NTT,2015A&A...579A..40S
LSQ12gdj,56246.00,17.05,0.02,F,Z,EFOSC,NTT,2015A&A...579A..40S
LSQ12gdj,56246.03314,16.464,0.009,F,r,QUEST,ESO Schmidt,2015ApJS..219...13W
LSQ12gdj,56246.03846,16.758,0.01,F,i,QUEST,ESO Schmidt,2015ApJS..219...13W
LSQ12gdj,56246.04561,16.328,0.009,F,V,QUEST,ESO Schmidt,2015ApJS..219...13W
LSQ12gdj,56246.05105,16.25,0.009,F,B,QUEST,ESO Schmidt,2015ApJS..219...13W
LSQ12gdj,56246.20,16.25,0.06,F,B,UVOT,Swift,2015A&A...579A..40S
LSQ12gdj,56246.20,15.16,0.04,F,U,UVOT,Swift,2015A&A...579A..40S
LSQ12gdj,56246.20,18.57,0.11,F,UVM2,UVOT,Swift,2015A&A...579A..40S
LSQ12gdj,56246.20,16.34,0.08,F,UVW1,UVOT,Swift,2015A&A...579A..40S
LSQ12gdj,56246.20,18.07,0.10,F,UVW2,UVOT,Swift,2015A&A...579A..40S
LSQ12gdj,56246.20,16.34,0.08,F,V,UVOT,Swift,2015A&A...579A..40S
LSQ12gdj,56246.2453,16.328,0.066,F,UVW1,UVOT,Swift,2014Ap&SS.354...89B
LSQ12gdj,56246.2463,15.155,0.053,F,U,UVOT,Swift,2014Ap&SS.354...89B
LSQ12gdj,56246.2467,16.292,0.059,F,B,UVOT,Swift,2014Ap&SS.354...89B
LSQ12gdj,56246.2480,18.041,0.094,F,UVW2,UVOT,Swift,2014Ap&SS.354...89B
LSQ12gdj,56246.2495,16.287,0.069,F,V,UVOT,Swift,2014Ap&SS.354...89B
LSQ12gdj,56246.2513,18.540,0.101,F,UVM2,UVOT,Swift,2014Ap&SS.354...89B
LSQ12gdj,56247.00,16.17,0.01,F,G,EFOSC,NTT,2015A&A...579A..40S
LSQ12gdj,56247.00,16.65,0.01,F,I,EFOSC,NTT,2015A&A...579A..40S
LSQ12gdj,56247.00,16.31,0.02,F,R,EFOSC,NTT,2015A&A...579A..40S
LSQ12gdj,56247.00,16.95,0.02,F,Z,EFOSC,NTT,2015A&A...579A..40S
LSQ12gdj,56247.06691,16.364,0.009,F,r,QUEST,ESO Schmidt,2015ApJS..219...13W
LSQ12gdj,56247.07319,16.684,0.011,F,i,QUEST,ESO Schmidt,2015ApJS..219...13W
LSQ12gdj,56247.0977,16.242,0.01,F,V,QUEST,ESO Schmidt,2015ApJS..219...13W
LSQ12gdj,56247.10,16.18,0.01,F,B,EFOSC,NTT,2015A&A...579A..40S
LSQ12gdj,56247.10,16.67,0.01,F,I,EFOSC,NTT,2015A&A...579A..40S
LSQ12gdj,56247.10,16.35,0.01,F,R,EFOSC,NTT,2015A&A...579A..40S
LSQ12gdj,56247.10,16.24,0.01,F,V,EFOSC,NTT,2015A&A...579A..40S
LSQ12gdj,56247.10404,16.162,0.009,F,B,QUEST,ESO Schmidt,2015ApJS..219...13W
LSQ12gdj,56248.07009,16.09,0.007,F,B,QUEST,ESO Schmidt,2015ApJS..219...13W
LSQ12gdj,56248.0752,16.153,0.007,F,V,QUEST,ESO Schmidt,2015ApJS..219...13W
LSQ12gdj,56248.08103,16.286,0.007,F,r,QUEST,ESO Schmidt,2015ApJS..219...13W
LSQ12gdj,56248.08569,16.636,0.009,F,i,QUEST,ESO Schmidt,2015ApJS..219...13W
LSQ12gdj,56248.10,16.11,0.01,F,B,EFOSC,NTT,2015A&A...579A..40S
LSQ12gdj,56248.10,16.11,0.01,F,G,EFOSC,NTT,2015A&A...579A..40S
LSQ12gdj,56248.10,16.62,0.01,F,I,EFOSC,NTT,2015A&A...579A..40S
LSQ12gdj,56248.10,16.62,0.02,F,I,EFOSC,NTT,2015A&A...579A..40S
LSQ12gdj,56248.10,16.26,0.01,F,R,EFOSC,NTT,2015A&A...579A..40S
LSQ12gdj,56248.10,16.29,0.01,F,R,EFOSC,NTT,2015A&A...579A..40S
LSQ12gdj,56248.10,16.16,0.01,F,V,EFOSC,NTT,2015A&A...579A..40S
LSQ12gdj,56248.10,16.86,0.02,F,Z,EFOSC,NTT,2015A&A...579A..40S
LSQ12gdj,56249.00,16.04,0.01,F,B,EFOSC,NTT,2015A&A...579A..40S
LSQ12gdj,56249.00,16.59,0.01,F,I,EFOSC,NTT,2015A&A...579A..40S
LSQ12gdj,56249.00,16.19,0.01,F,R,EFOSC,NTT,2015A&A...579A..40S
LSQ12gdj,56249.00,16.09,0.01,F,V,EFOSC,NTT,2015A&A...579A..40S
LSQ12gdj,56249.02726,16.206,0.006,F,r,QUEST,ESO Schmidt,2015ApJS..219...13W
LSQ12gdj,56249.03184,16.613,0.009,F,i,QUEST,ESO Schmidt,2015ApJS..219...13W
LSQ12gdj,56249.03789,15.999,0.009,F,B,QUEST,ESO Schmidt,2015ApJS..219...13W
LSQ12gdj,56249.04291,16.074,0.009,F,V,QUEST,ESO Schmidt,2015ApJS..219...13W
LSQ12gdj,56249.1760,16.388,0.067,F,UVW1,UVOT,Swift,2014Ap&SS.354...89B
LSQ12gdj,56249.1772,15.017,0.052,F,U,UVOT,Swift,2014Ap&SS.354...89B
LSQ12gdj,56249.1778,16.039,0.058,F,B,UVOT,Swift,2014Ap&SS.354...89B
LSQ12gdj,56249.1795,18.041,0.095,F,UVW2,UVOT,Swift,2014Ap&SS.354...89B
LSQ12gdj,56249.1813,16.161,0.067,F,V,UVOT,Swift,2014Ap&SS.354...89B
LSQ12gdj,56249.1837,18.384,0.098,F,UVM2,UVOT,Swift,2014Ap&SS.354...89B
LSQ12gdj,56249.20,16.02,0.05,F,B,UVOT,Swift,2015A&A...579A..40S
LSQ12gdj,56249.20,15.02,0.04,F,U,UVOT,Swift,2015A&A...579A..40S
LSQ12gdj,56249.20,18.42,0.10,F,UVM2,UVOT,Swift,2015A&A...579A..40S
LSQ12gdj,56249.20,16.40,0.08,F,UVW1,UVOT,Swift,2015A&A...579A..40S
LSQ12gdj,56249.20,18.07,0.10,F,UVW2,UVOT,Swift,2015A&A...579A..40S
LSQ12gdj,56249.20,16.21,0.08,F,V,UVOT,Swift,2015A&A...579A..40S
LSQ12gdj,56250.00,15.99,0.01,F,B,EFOSC,NTT,2015A&A...579A..40S
LSQ12gdj,56250.00,16.58,0.01,F,I,EFOSC,NTT,2015A&A...579A..40S
LSQ12gdj,56250.00,16.12,0.01,F,R,EFOSC,NTT,2015A&A...579A..40S
LSQ12gdj,56250.00,16.04,0.01,F,V,EFOSC,NTT,2015A&A...579A..40S
LSQ12gdj,56250.03495,16.596,0.013,F,i,QUEST,ESO Schmidt,2015ApJS..219...13W
LSQ12gdj,56250.03973,16.144,0.01,F,r,QUEST,ESO Schmidt,2015ApJS..219...13W
LSQ12gdj,56250.04542,15.975,0.01,F,B,QUEST,ESO Schmidt,2015ApJS..219...13W
LSQ12gdj,56250.05042,16.054,0.009,F,V,QUEST,ESO Schmidt,2015ApJS..219...13W
LSQ12gdj,56250.10,15.98,0.01,F,G,EFOSC,NTT,2015A&A...579A..40S
LSQ12gdj,56250.10,16.58,0.01,F,I,EFOSC,NTT,2015A&A...579A..40S
LSQ12gdj,56250.10,16.14,0.02,F,R,EFOSC,NTT,2015A&A...579A..40S
LSQ12gdj,56250.10,16.71,0.02,F,Z,EFOSC,NTT,2015A&A...579A..40S
LSQ12gdj,56251.00,15.97,0.01,F,B,EFOSC,NTT,2015A&A...579A..40S
LSQ12gdj,56251.00,16.55,0.01,F,I,EFOSC,NTT,2015A&A...579A..40S
LSQ12gdj,56251.00,16.06,0.01,F,R,EFOSC,NTT,2015A&A...579A..40S
LSQ12gdj,56251.00,16.02,0.01,F,V,EFOSC,NTT,2015A&A...579A..40S
LSQ12gdj,56251.03353,16.0,0.012,F,V,QUEST,ESO Schmidt,2015ApJS..219...13W
LSQ12gdj,56251.03823,15.945,0.01,F,B,QUEST,ESO Schmidt,2015ApJS..219...13W
LSQ12gdj,56251.04302,16.065,0.01,F,r,QUEST,ESO Schmidt,2015ApJS..219...13W
LSQ12gdj,56251.04683,16.541,0.014,F,i,QUEST,ESO Schmidt,2015ApJS..219...13W
LSQ12gdj,56252.00,15.97,0.01,F,B,EFOSC,NTT,2015A&A...579A..40S
LSQ12gdj,56252.00,16.57,0.01,F,I,EFOSC,NTT,2015A&A...579A..40S
LSQ12gdj,56252.00,16.03,0.01,F,R,EFOSC,NTT,2015A&A...579A..40S
LSQ12gdj,56252.00,16.00,0.01,F,V,EFOSC,NTT,2015A&A...579A..40S
LSQ12gdj,56252.03958,16.058,0.01,F,r,QUEST,ESO Schmidt,2015ApJS..219...13W
LSQ12gdj,56252.04379,16.586,0.012,F,i,QUEST,ESO Schmidt,2015ApJS..219...13W
LSQ12gdj,56252.0488,16.011,0.009,F,V,QUEST,ESO Schmidt,2015ApJS..219...13W
LSQ12gdj,56252.05306,15.945,0.009,F,B,QUEST,ESO Schmidt,2015ApJS..219...13W
LSQ12gdj,56252.10,15.98,0.05,F,B,UVOT,Swift,2015A&A...579A..40S
LSQ12gdj,56252.10,15.93,0.01,F,G,EFOSC,NTT,2015A&A...579A..40S
LSQ12gdj,56252.10,16.59,0.01,F,I,EFOSC,NTT,2015A&A...579A..40S
LSQ12gdj,56252.10,16.04,0.01,F,R,EFOSC,NTT,2015A&A...579A..40S
LSQ12gdj,56252.10,15.08,0.04,F,U,UVOT,Swift,2015A&A...579A..40S
LSQ12gdj,56252.10,18.49,0.10,F,UVM2,UVOT,Swift,2015A&A...579A..40S
LSQ12gdj,56252.10,16.61,0.08,F,UVW1,UVOT,Swift,2015A&A...579A..40S
LSQ12gdj,56252.10,18.21,0.11,F,UVW2,UVOT,Swift,2015A&A...579A..40S
LSQ12gdj,56252.10,16.15,0.07,F,V,UVOT,Swift,2015A&A...579A..40S
LSQ12gdj,56252.10,16.71,0.01,F,Z,EFOSC,NTT,2015A&A...579A..40S
LSQ12gdj,56252.1161,16.605,0.069,F,UVW1,UVOT,Swift,2014Ap&SS.354...89B
LSQ12gdj,56252.1178,15.082,0.052,F,U,UVOT,Swift,2014Ap&SS.354...89B
LSQ12gdj,56252.1187,16.025,0.057,F,B,UVOT,Swift,2014Ap&SS.354...89B
LSQ12gdj,56252.1215,18.188,0.099,F,UVW2,UVOT,Swift,2014Ap&SS.354...89B
LSQ12gdj,56252.1240,16.101,0.066,F,V,UVOT,Swift,2014Ap&SS.354...89B
LSQ12gdj,56252.1282,18.456,0.098,F,UVM2,UVOT,Swift,2014Ap&SS.354...89B
LSQ12gdj,56253.00,15.98,0.01,F,B,EFOSC,NTT,2015A&A...579A..40S
LSQ12gdj,56253.00,16.58,0.01,F,I,EFOSC,NTT,2015A&A...579A..40S
LSQ12gdj,56253.00,16.00,0.01,F,R,EFOSC,NTT,2015A&A...579A..40S
LSQ12gdj,56253.00,15.98,0.01,F,V,EFOSC,NTT,2015A&A...579A..40S
LSQ12gdj,56253.03788,16.014,0.007,F,r,QUEST,ESO Schmidt,2015ApJS..219...13W
LSQ12gdj,56253.04198,16.598,0.009,F,i,QUEST,ESO Schmidt,2015ApJS..219...13W
LSQ12gdj,56253.0472,15.991,0.006,F,V,QUEST,ESO Schmidt,2015ApJS..219...13W
LSQ12gdj,56253.05144,15.957,0.009,F,B,QUEST,ESO Schmidt,2015ApJS..219...13W
LSQ12gdj,56253.10,15.92,0.01,F,G,EFOSC,NTT,2015A&A...579A..40S
LSQ12gdj,56253.10,16.61,0.01,F,I,EFOSC,NTT,2015A&A...579A..40S
LSQ12gdj,56253.10,16.03,0.01,F,R,EFOSC,NTT,2015A&A...579A..40S
LSQ12gdj,56253.10,16.68,0.01,F,Z,EFOSC,NTT,2015A&A...579A..40S
LSQ12gdj,56254.07733,15.969,0.01,F,B,QUEST,ESO Schmidt,2015ApJS..219...13W
LSQ12gdj,56254.08233,15.984,0.008,F,V,QUEST,ESO Schmidt,2015ApJS..219...13W
LSQ12gdj,56254.08792,15.976,0.007,F,r,QUEST,ESO Schmidt,2015ApJS..219...13W
LSQ12gdj,56254.09181,16.608,0.011,F,i,QUEST,ESO Schmidt,2015ApJS..219...13W
LSQ12gdj,56254.10,15.99,0.01,F,B,EFOSC,NTT,2015A&A...579A..40S
LSQ12gdj,56254.10,15.90,0.01,F,G,EFOSC,NTT,2015A&A...579A..40S
LSQ12gdj,56254.10,16.58,0.02,F,I,EFOSC,NTT,2015A&A...579A..40S
LSQ12gdj,56254.10,16.60,0.01,F,I,EFOSC,NTT,2015A&A...579A..40S
LSQ12gdj,56254.10,15.96,0.01,F,R,EFOSC,NTT,2015A&A...579A..40S
LSQ12gdj,56254.10,16.02,0.01,F,R,EFOSC,NTT,2015A&A...579A..40S
LSQ12gdj,56254.10,15.96,0.01,F,V,EFOSC,NTT,2015A&A...579A..40S
LSQ12gdj,56254.10,16.64,0.01,F,Z,EFOSC,NTT,2015A&A...579A..40S
LSQ12gdj,56255.05609,15.967,0.009,F,r,QUEST,ESO Schmidt,2015ApJS..219...13W
LSQ12gdj,56255.06005,16.623,0.009,F,i,QUEST,ESO Schmidt,2015ApJS..219...13W
LSQ12gdj,56255.0649,15.977,0.009,F,V,QUEST,ESO Schmidt,2015ApJS..219...13W
LSQ12gdj,56255.06906,15.955,0.009,F,B,QUEST,ESO Schmidt,2015ApJS..219...13W
LSQ12gdj,56255.10,15.99,0.01,F,B,EFOSC,NTT,2015A&A...579A..40S
LSQ12gdj,56255.10,15.93,0.01,F,G,EFOSC,NTT,2015A&A...579A..40S
LSQ12gdj,56255.10,16.60,0.01,F,I,EFOSC,NTT,2015A&A...579A..40S
LSQ12gdj,56255.10,16.62,0.01,F,I,EFOSC,NTT,2015A&A...579A..40S
LSQ12gdj,56255.10,15.95,0.01,F,R,EFOSC,NTT,2015A&A...579A..40S
LSQ12gdj,56255.10,15.97,0.01,F,R,EFOSC,NTT,2015A&A...579A..40S
LSQ12gdj,56255.10,15.96,0.01,F,V,EFOSC,NTT,2015A&A...579A..40S
LSQ12gdj,56255.10,16.69,0.02,F,Z,EFOSC,NTT,2015A&A...579A..40S
LSQ12gdj,56255.1540,16.971,0.074,F,UVW1,UVOT,Swift,2014Ap&SS.354...89B
LSQ12gdj,56255.1555,15.355,0.058,F,U,UVOT,Swift,2014Ap&SS.354...89B
LSQ12gdj,56255.1562,16.036,0.058,F,B,UVOT,Swift,2014Ap&SS.354...89B
LSQ12gdj,56255.1579,18.406,0.106,F,UVW2,UVOT,Swift,2014Ap&SS.354...89B
LSQ12gdj,56255.1603,16.068,0.066,F,V,UVOT,Swift,2014Ap&SS.354...89B
LSQ12gdj,56255.1629,18.659,0.104,F,UVM2,UVOT,Swift,2014Ap&SS.354...89B
LSQ12gdj,56255.20,16.00,0.05,F,B,UVOT,Swift,2015A&A...579A..40S
LSQ12gdj,56255.20,15.36,0.05,F,U,UVOT,Swift,2015A&A...579A..40S
LSQ12gdj,56255.20,18.69,0.11,F,UVM2,UVOT,Swift,2015A&A...579A..40S
LSQ12gdj,56255.20,16.98,0.08,F,UVW1,UVOT,Swift,2015A&A...579A..40S
LSQ12gdj,56255.20,18.42,0.11,F,UVW2,UVOT,Swift,2015A&A...579A..40S
LSQ12gdj,56255.20,16.12,0.07,F,V,UVOT,Swift,2015A&A...579A..40S
LSQ12gdj,56256.10,16.05,0.02,F,B,EFOSC,NTT,2015A&A...579A..40S
LSQ12gdj,56256.10,15.90,0.01,F,G,EFOSC,NTT,2015A&A...579A..40S
LSQ12gdj,56256.10,16.55,0.02,F,I,EFOSC,NTT,2015A&A...579A..40S
LSQ12gdj,56256.10,16.62,0.01,F,I,EFOSC,NTT,2015A&A...579A..40S
LSQ12gdj,56256.10,15.94,0.01,F,R,EFOSC,NTT,2015A&A...579A..40S
LSQ12gdj,56256.10,15.97,0.01,F,R,EFOSC,NTT,2015A&A...579A..40S
LSQ12gdj,56256.10,15.96,0.01,F,V,EFOSC,NTT,2015A&A...579A..40S
LSQ12gdj,56256.10,16.72,0.02,F,Z,EFOSC,NTT,2015A&A...579A..40S
LSQ12gdj,56257.05426,16.004,0.013,F,B,QUEST,ESO Schmidt,2015ApJS..219...13W
LSQ12gdj,56257.05732,15.967,0.011,F,V,QUEST,ESO Schmidt,2015ApJS..219...13W
LSQ12gdj,56257.0612,15.934,0.01,F,r,QUEST,ESO Schmidt,2015ApJS..219...13W
LSQ12gdj,56257.06617,16.651,0.011,F,i,QUEST,ESO Schmidt,2015ApJS..219...13W
LSQ12gdj,56257.10,16.03,0.01,F,B,EFOSC,NTT,2015A&A...579A..40S
LSQ12gdj,56257.10,15.94,0.01,F,G,EFOSC,NTT,2015A&A...579A..40S
LSQ12gdj,56257.10,16.62,0.02,F,I,EFOSC,NTT,2015A&A...579A..40S
LSQ12gdj,56257.10,16.63,0.01,F,I,EFOSC,NTT,2015A&A...579A..40S
LSQ12gdj,56257.10,15.92,0.01,F,R,EFOSC,NTT,2015A&A...579A..40S
LSQ12gdj,56257.10,15.96,0.01,F,R,EFOSC,NTT,2015A&A...579A..40S
LSQ12gdj,56257.10,15.95,0.01,F,V,EFOSC,NTT,2015A&A...579A..40S
LSQ12gdj,56257.10,16.76,0.02,F,Z,EFOSC,NTT,2015A&A...579A..40S
LSQ12gdj,56258.05291,15.959,0.009,F,r,QUEST,ESO Schmidt,2015ApJS..219...13W
LSQ12gdj,56258.05585,16.684,0.01,F,i,QUEST,ESO Schmidt,2015ApJS..219...13W
LSQ12gdj,56258.0595,15.969,0.009,F,V,QUEST,ESO Schmidt,2015ApJS..219...13W
LSQ12gdj,56258.06248,16.038,0.014,F,B,QUEST,ESO Schmidt,2015ApJS..219...13W
LSQ12gdj,56258.10,16.07,0.01,F,B,EFOSC,NTT,2015A&A...579A..40S
LSQ12gdj,56258.10,16.00,0.01,F,G,EFOSC,NTT,2015A&A...579A..40S
LSQ12gdj,56258.10,16.65,0.01,F,I,EFOSC,NTT,2015A&A...579A..40S
LSQ12gdj,56258.10,15.94,0.01,F,R,EFOSC,NTT,2015A&A...579A..40S
LSQ12gdj,56258.10,15.95,0.01,F,R,EFOSC,NTT,2015A&A...579A..40S
LSQ12gdj,56258.10,15.95,0.01,F,V,EFOSC,NTT,2015A&A...579A..40S
LSQ12gdj,56258.10,16.80,0.02,F,Z,EFOSC,NTT,2015A&A...579A..40S
LSQ12gdj,56258.6949,17.432,0.083,F,UVW1,UVOT,Swift,2014Ap&SS.354...89B
LSQ12gdj,56258.6964,15.704,0.063,F,U,UVOT,Swift,2014Ap&SS.354...89B
LSQ12gdj,56258.6971,16.110,0.058,F,B,UVOT,Swift,2014Ap&SS.354...89B
LSQ12gdj,56258.6988,18.666,0.119,F,UVW2,UVOT,Swift,2014Ap&SS.354...89B
LSQ12gdj,56258.70,16.08,0.05,F,B,UVOT,Swift,2015A&A...579A..40S
LSQ12gdj,56258.70,15.67,0.06,F,U,UVOT,Swift,2015A&A...579A..40S
LSQ12gdj,56258.70,18.85,0.12,F,UVM2,UVOT,Swift,2015A&A...579A..40S
LSQ12gdj,56258.70,17.43,0.09,F,UVW1,UVOT,Swift,2015A&A...579A..40S
LSQ12gdj,56258.70,18.68,0.12,F,UVW2,UVOT,Swift,2015A&A...579A..40S
LSQ12gdj,56258.70,16.07,0.07,F,V,UVOT,Swift,2015A&A...579A..40S
LSQ12gdj,56258.7011,16.018,0.066,F,V,UVOT,Swift,2014Ap&SS.354...89B
LSQ12gdj,56258.7033,18.816,0.118,F,UVM2,UVOT,Swift,2014Ap&SS.354...89B
LSQ12gdj,56259.00,16.10,0.01,F,B,EFOSC,NTT,2015A&A...579A..40S
LSQ12gdj,56259.00,16.68,0.01,F,I,EFOSC,NTT,2015A&A...579A..40S
LSQ12gdj,56259.00,15.96,0.01,F,R,EFOSC,NTT,2015A&A...579A..40S
LSQ12gdj,56259.00,15.96,0.01,F,V,EFOSC,NTT,2015A&A...579A..40S
LSQ12gdj,56259.04265,16.063,0.008,F,B,QUEST,ESO Schmidt,2015ApJS..219...13W
LSQ12gdj,56259.0458,15.987,0.009,F,V,QUEST,ESO Schmidt,2015ApJS..219...13W
LSQ12gdj,56259.04956,15.99,0.008,F,r,QUEST,ESO Schmidt,2015ApJS..219...13W
LSQ12gdj,56259.05237,16.715,0.012,F,i,QUEST,ESO Schmidt,2015ApJS..219...13W
LSQ12gdj,56259.10,16.03,0.01,F,G,EFOSC,NTT,2015A&A...579A..40S
LSQ12gdj,56259.10,16.69,0.03,F,I,EFOSC,NTT,2015A&A...579A..40S
LSQ12gdj,56259.10,15.94,0.01,F,R,EFOSC,NTT,2015A&A...579A..40S
LSQ12gdj,56259.10,16.83,0.02,F,Z,EFOSC,NTT,2015A&A...579A..40S
LSQ12gdj,56261.0522,16.173,0.008,F,B,QUEST,ESO Schmidt,2015ApJS..219...13W
LSQ12gdj,56261.05837,16.039,0.007,F,V,QUEST,ESO Schmidt,2015ApJS..219...13W
LSQ12gdj,56261.06529,16.06,0.009,F,r,QUEST,ESO Schmidt,2015ApJS..219...13W
LSQ12gdj,56261.06823,16.851,0.013,F,i,QUEST,ESO Schmidt,2015ApJS..219...13W
LSQ12gdj,56261.10,16.17,0.05,F,B,UVOT,Swift,2015A&A...579A..40S
LSQ12gdj,56261.10,16.20,0.01,F,B,EFOSC,NTT,2015A&A...579A..40S
LSQ12gdj,56261.10,16.09,0.01,F,G,EFOSC,NTT,2015A&A...579A..40S
LSQ12gdj,56261.10,16.79,0.01,F,I,EFOSC,NTT,2015A&A...579A..40S
LSQ12gdj,56261.10,16.85,0.01,F,I,EFOSC,NTT,2015A&A...579A..40S
LSQ12gdj,56261.10,16.03,0.01,F,R,EFOSC,NTT,2015A&A...579A..40S
LSQ12gdj,56261.10,16.09,0.01,F,R,EFOSC,NTT,2015A&A...579A..40S
LSQ12gdj,56261.10,15.96,0.07,F,U,UVOT,Swift,2015A&A...579A..40S
LSQ12gdj,56261.10,19.32,0.15,F,UVM2,UVOT,Swift,2015A&A...579A..40S
LSQ12gdj,56261.10,17.78,0.09,F,UVW1,UVOT,Swift,2015A&A...579A..40S
LSQ12gdj,56261.10,18.89,0.13,F,UVW2,UVOT,Swift,2015A&A...579A..40S
LSQ12gdj,56261.10,16.01,0.01,F,V,EFOSC,NTT,2015A&A...579A..40S
LSQ12gdj,56261.10,16.14,0.07,F,V,UVOT,Swift,2015A&A...579A..40S
LSQ12gdj,56261.10,17.01,0.01,F,Z,EFOSC,NTT,2015A&A...579A..40S
LSQ12gdj,56261.1371,17.795,0.090,F,UVW1,UVOT,Swift,2014Ap&SS.354...89B
LSQ12gdj,56261.1381,16.002,0.064,F,U,UVOT,Swift,2014Ap&SS.354...89B
LSQ12gdj,56261.1387,16.216,0.058,F,B,UVOT,Swift,2014Ap&SS.354...89B
LSQ12gdj,56261.1405,18.886,0.126,F,UVW2,UVOT,Swift,2014Ap&SS.354...89B
LSQ12gdj,56261.1419,16.090,0.066,F,V,UVOT,Swift,2014Ap&SS.354...89B
LSQ12gdj,56261.1445,19.287,0.141,F,UVM2,UVOT,Swift,2014Ap&SS.354...89B
LSQ12gdj,56262.05732,16.114,0.007,F,r,QUEST,ESO Schmidt,2015ApJS..219...13W
LSQ12gdj,56262.06102,16.956,0.01,F,i,QUEST,ESO Schmidt,2015ApJS..219...13W
LSQ12gdj,56262.06642,16.058,0.007,F,V,QUEST,ESO Schmidt,2015ApJS..219...13W
LSQ12gdj,56262.07354,16.229,0.008,F,B,QUEST,ESO Schmidt,2015ApJS..219...13W
LSQ12gdj,56262.10,16.25,0.01,F,B,EFOSC,NTT,2015A&A...579A..40S
LSQ12gdj,56262.10,16.90,0.01,F,I,EFOSC,NTT,2015A&A...579A..40S
LSQ12gdj,56262.10,16.09,0.01,F,R,EFOSC,NTT,2015A&A...579A..40S
LSQ12gdj,56262.10,16.04,0.01,F,V,EFOSC,NTT,2015A&A...579A..40S
LSQ12gdj,56263.05492,16.276,0.009,F,B,QUEST,ESO Schmidt,2015ApJS..219...13W
LSQ12gdj,56263.05943,16.109,0.009,F,V,QUEST,ESO Schmidt,2015ApJS..219...13W
LSQ12gdj,56263.06486,16.177,0.008,F,r,QUEST,ESO Schmidt,2015ApJS..219...13W
LSQ12gdj,56263.06869,17.031,0.012,F,i,QUEST,ESO Schmidt,2015ApJS..219...13W
LSQ12gdj,56263.10,16.30,0.01,F,B,EFOSC,NTT,2015A&A...579A..40S
LSQ12gdj,56263.10,16.99,0.01,F,I,EFOSC,NTT,2015A&A...579A..40S
LSQ12gdj,56263.10,16.16,0.01,F,R,EFOSC,NTT,2015A&A...579A..40S
LSQ12gdj,56263.10,16.10,0.01,F,V,EFOSC,NTT,2015A&A...579A..40S
LSQ12gdj,56264.07315,16.248,0.007,F,r,QUEST,ESO Schmidt,2015ApJS..219...13W
LSQ12gdj,56264.07743,17.133,0.01,F,i,QUEST,ESO Schmidt,2015ApJS..219...13W
LSQ12gdj,56264.08208,16.168,0.007,F,V,QUEST,ESO Schmidt,2015ApJS..219...13W
LSQ12gdj,56264.08608,16.357,0.007,F,B,QUEST,ESO Schmidt,2015ApJS..219...13W
LSQ12gdj,56264.10,16.39,0.01,F,B,EFOSC,NTT,2015A&A...579A..40S
LSQ12gdj,56264.10,16.21,0.01,F,G,EFOSC,NTT,2015A&A...579A..40S
LSQ12gdj,56264.10,17.06,0.01,F,I,EFOSC,NTT,2015A&A...579A..40S
LSQ12gdj,56264.10,17.09,0.01,F,I,EFOSC,NTT,2015A&A...579A..40S
LSQ12gdj,56264.10,16.21,0.03,F,R,EFOSC,NTT,2015A&A...579A..40S
LSQ12gdj,56264.10,16.16,0.01,F,V,EFOSC,NTT,2015A&A...579A..40S
LSQ12gdj,56264.10,17.10,0.02,F,Z,EFOSC,NTT,2015A&A...579A..40S
LSQ12gdj,56264.2710,18.117,0.101,F,UVW1,UVOT,Swift,2014Ap&SS.354...89B
LSQ12gdj,56264.2722,16.382,0.068,F,U,UVOT,Swift,2014Ap&SS.354...89B
LSQ12gdj,56264.2729,16.442,0.060,F,B,UVOT,Swift,2014Ap&SS.354...89B
LSQ12gdj,56264.2745,19.576,0.175,F,UVW2,UVOT,Swift,2014Ap&SS.354...89B
LSQ12gdj,56264.2764,16.216,0.067,F,V,UVOT,Swift,2014Ap&SS.354...89B
LSQ12gdj,56264.2784,19.473,0.154,F,UVM2,UVOT,Swift,2014Ap&SS.354...89B
LSQ12gdj,56264.30,16.42,0.06,F,B,UVOT,Swift,2015A&A...579A..40S
LSQ12gdj,56264.30,16.39,0.08,F,U,UVOT,Swift,2015A&A...579A..40S
LSQ12gdj,56264.30,19.51,0.17,F,UVM2,UVOT,Swift,2015A&A...579A..40S
LSQ12gdj,56264.30,18.09,0.10,F,UVW1,UVOT,Swift,2015A&A...579A..40S
LSQ12gdj,56264.30,19.54,0.18,F,UVW2,UVOT,Swift,2015A&A...579A..40S
LSQ12gdj,56264.30,16.27,0.08,F,V,UVOT,Swift,2015A&A...579A..40S
LSQ12gdj,56265.05369,16.451,0.009,F,B,QUEST,ESO Schmidt,2015ApJS..219...13W
LSQ12gdj,56265.05801,16.246,0.008,F,V,QUEST,ESO Schmidt,2015ApJS..219...13W
LSQ12gdj,56265.06348,16.323,0.01,F,r,QUEST,ESO Schmidt,2015ApJS..219...13W
LSQ12gdj,56265.06733,17.213,0.013,F,i,QUEST,ESO Schmidt,2015ApJS..219...13W
LSQ12gdj,56265.10,16.48,0.01,F,B,EFOSC,NTT,2015A&A...579A..40S
LSQ12gdj,56265.10,16.31,0.01,F,G,EFOSC,NTT,2015A&A...579A..40S
LSQ12gdj,56265.10,17.17,0.01,F,I,EFOSC,NTT,2015A&A...579A..40S
LSQ12gdj,56265.10,17.18,0.01,F,I,EFOSC,NTT,2015A&A...579A..40S
LSQ12gdj,56265.10,16.31,0.01,F,R,EFOSC,NTT,2015A&A...579A..40S
LSQ12gdj,56265.10,16.24,0.01,F,V,EFOSC,NTT,2015A&A...579A..40S
LSQ12gdj,56265.10,17.11,0.01,F,Z,EFOSC,NTT,2015A&A...579A..40S
LSQ12gdj,56266.04485,16.41,0.008,F,r,QUEST,ESO Schmidt,2015ApJS..219...13W
LSQ12gdj,56266.04903,17.321,0.01,F,i,QUEST,ESO Schmidt,2015ApJS..219...13W
LSQ12gdj,56266.0536,16.292,0.009,F,V,QUEST,ESO Schmidt,2015ApJS..219...13W
LSQ12gdj,56266.0575,16.534,0.01,F,B,QUEST,ESO Schmidt,2015ApJS..219...13W
LSQ12gdj,56266.10,16.56,0.01,F,B,EFOSC,NTT,2015A&A...579A..40S
LSQ12gdj,56266.10,16.38,0.01,F,G,EFOSC,NTT,2015A&A...579A..40S
LSQ12gdj,56266.10,17.24,0.03,F,I,EFOSC,NTT,2015A&A...579A..40S
LSQ12gdj,56266.10,17.28,0.01,F,I,EFOSC,NTT,2015A&A...579A..40S
LSQ12gdj,56266.10,16.39,0.01,F,R,EFOSC,NTT,2015A&A...579A..40S
LSQ12gdj,56266.10,16.29,0.01,F,V,EFOSC,NTT,2015A&A...579A..40S
LSQ12gdj,56266.10,17.15,0.02,F,Z,EFOSC,NTT,2015A&A...579A..40S
LSQ12gdj,56267.05819,16.473,0.007,F,r,QUEST,ESO Schmidt,2015ApJS..219...13W
LSQ12gdj,56267.06274,17.35,0.013,F,i,QUEST,ESO Schmidt,2015ApJS..219...13W
LSQ12gdj,56267.06718,16.382,0.008,F,V,QUEST,ESO Schmidt,2015ApJS..219...13W
LSQ12gdj,56267.07181,16.656,0.008,F,B,QUEST,ESO Schmidt,2015ApJS..219...13W
LSQ12gdj,56267.10,16.68,0.01,F,B,EFOSC,NTT,2015A&A...579A..40S
LSQ12gdj,56267.10,16.48,0.01,F,G,EFOSC,NTT,2015A&A...579A..40S
LSQ12gdj,56267.10,17.32,0.01,F,I,EFOSC,NTT,2015A&A...579A..40S
LSQ12gdj,56267.10,16.46,0.01,F,R,EFOSC,NTT,2015A&A...579A..40S
LSQ12gdj,56267.10,16.48,0.01,F,R,EFOSC,NTT,2015A&A...579A..40S
LSQ12gdj,56267.10,16.36,0.01,F,V,EFOSC,NTT,2015A&A...579A..40S
LSQ12gdj,56267.10,17.21,0.02,F,Z,EFOSC,NTT,2015A&A...579A..40S
LSQ12gdj,56267.2777,18.645,0.132,F,UVW1,UVOT,Swift,2014Ap&SS.354...89B
LSQ12gdj,56267.2789,16.864,0.077,F,U,UVOT,Swift,2014Ap&SS.354...89B
LSQ12gdj,56267.2795,16.711,0.063,F,B,UVOT,Swift,2014Ap&SS.354...89B
LSQ12gdj,56267.2813,19.872,0.216,F,UVW2,UVOT,Swift,2014Ap&SS.354...89B
LSQ12gdj,56267.2830,16.356,0.071,F,V,UVOT,Swift,2014Ap&SS.354...89B
LSQ12gdj,56267.2855,20.060,0.228,F,UVM2,UVOT,Swift,2014Ap&SS.354...89B
LSQ12gdj,56267.30,16.73,0.08,F,B,UVOT,Swift,2015A&A...579A..40S
LSQ12gdj,56267.30,16.88,0.09,F,U,UVOT,Swift,2015A&A...579A..40S
LSQ12gdj,56267.30,20.10,0.25,F,UVM2,UVOT,Swift,2015A&A...579A..40S
LSQ12gdj,56267.30,18.59,0.13,F,UVW1,UVOT,Swift,2015A&A...579A..40S
LSQ12gdj,56267.30,19.82,0.21,F,UVW2,UVOT,Swift,2015A&A...579A..40S
LSQ12gdj,56267.30,16.42,0.08,F,V,UVOT,Swift,2015A&A...579A..40S
LSQ12gdj,56268.06023,16.532,0.006,F,r,QUEST,ESO Schmidt,2015ApJS..219...13W
LSQ12gdj,56268.06405,17.407,0.01,F,i,QUEST,ESO Schmidt,2015ApJS..219...13W
LSQ12gdj,56268.0686,16.424,0.007,F,V,QUEST,ESO Schmidt,2015ApJS..219...13W
LSQ12gdj,56268.07291,16.773,0.007,F,B,QUEST,ESO Schmidt,2015ApJS..219...13W
LSQ12gdj,56268.10,16.79,0.01,F,B,EFOSC,NTT,2015A&A...579A..40S
LSQ12gdj,56268.10,16.58,0.01,F,G,EFOSC,NTT,2015A&A...579A..40S
LSQ12gdj,56268.10,17.35,0.01,F,I,EFOSC,NTT,2015A&A...579A..40S
LSQ12gdj,56268.10,17.37,0.01,F,I,EFOSC,NTT,2015A&A...579A..40S
LSQ12gdj,56268.10,16.50,0.01,F,R,EFOSC,NTT,2015A&A...579A..40S
LSQ12gdj,56268.10,16.52,0.01,F,R,EFOSC,NTT,2015A&A...579A..40S
LSQ12gdj,56268.10,16.43,0.01,F,V,EFOSC,NTT,2015A&A...579A..40S
LSQ12gdj,56268.10,17.22,0.02,F,Z,EFOSC,NTT,2015A&A...579A..40S
LSQ12gdj,56269.10,16.65,0.01,F,G,EFOSC,NTT,2015A&A...579A..40S
LSQ12gdj,56269.10,17.33,0.01,F,I,EFOSC,NTT,2015A&A...579A..40S
LSQ12gdj,56269.10,16.55,0.01,F,R,EFOSC,NTT,2015A&A...579A..40S
LSQ12gdj,56269.10,17.18,0.02,F,Z,EFOSC,NTT,2015A&A...579A..40S
LSQ12gdj,56270.07491,16.586,0.012,F,r,QUEST,ESO Schmidt,2015ApJS..219...13W
LSQ12gdj,56270.07877,17.358,0.015,F,i,QUEST,ESO Schmidt,2015ApJS..219...13W
LSQ12gdj,56270.0831,16.568,0.011,F,V,QUEST,ESO Schmidt,2015ApJS..219...13W
LSQ12gdj,56270.08699,16.997,0.011,F,B,QUEST,ESO Schmidt,2015ApJS..219...13W
LSQ12gdj,56270.10,17.03,0.01,F,B,EFOSC,NTT,2015A&A...579A..40S
LSQ12gdj,56270.10,16.75,0.01,F,G,EFOSC,NTT,2015A&A...579A..40S
LSQ12gdj,56270.10,17.30,0.02,F,I,EFOSC,NTT,2015A&A...579A..40S
LSQ12gdj,56270.10,17.36,0.01,F,I,EFOSC,NTT,2015A&A...579A..40S
LSQ12gdj,56270.10,16.55,0.01,F,R,EFOSC,NTT,2015A&A...579A..40S
LSQ12gdj,56270.10,16.58,0.01,F,R,EFOSC,NTT,2015A&A...579A..40S
LSQ12gdj,56270.10,16.56,0.01,F,V,EFOSC,NTT,2015A&A...579A..40S
LSQ12gdj,56270.10,17.18,0.02,F,Z,EFOSC,NTT,2015A&A...579A..40S
LSQ12gdj,56270.7646,19.011,0.155,F,UVW1,UVOT,Swift,2014Ap&SS.354...89B
LSQ12gdj,56270.7662,17.361,0.086,F,U,UVOT,Swift,2014Ap&SS.354...89B
LSQ12gdj,56270.7668,17.138,0.067,F,B,UVOT,Swift,2014Ap&SS.354...89B
LSQ12gdj,56270.7680,20.165,0.258,F,UVW2,UVOT,Swift,2014Ap&SS.354...89B
LSQ12gdj,56270.7705,16.587,0.076,F,V,UVOT,Swift,2014Ap&SS.354...89B
LSQ12gdj,56270.7721,20.447,0.286,F,UVM2,UVOT,Swift,2014Ap&SS.354...89B
LSQ12gdj,56270.80,17.18,0.08,F,B,UVOT,Swift,2015A&A...579A..40S
LSQ12gdj,56270.80,17.38,0.10,F,U,UVOT,Swift,2015A&A...579A..40S
LSQ12gdj,56270.80,20.48,0.32,F,UVM2,UVOT,Swift,2015A&A...579A..40S
LSQ12gdj,56270.80,18.93,0.16,F,UVW1,UVOT,Swift,2015A&A...579A..40S
LSQ12gdj,56270.80,20.08,0.25,F,UVW2,UVOT,Swift,2015A&A...579A..40S
LSQ12gdj,56270.80,16.66,0.09,F,V,UVOT,Swift,2015A&A...579A..40S
LSQ12gdj,56272.10,16.95,0.01,F,G,EFOSC,NTT,2015A&A...579A..40S
LSQ12gdj,56272.10,17.29,0.03,F,I,EFOSC,NTT,2015A&A...579A..40S
LSQ12gdj,56272.10,16.63,0.02,F,R,EFOSC,NTT,2015A&A...579A..40S
LSQ12gdj,56272.10,17.20,0.02,F,Z,EFOSC,NTT,2015A&A...579A..40S
LSQ12gdj,56273.10,17.02,0.01,F,G,EFOSC,NTT,2015A&A...579A..40S
LSQ12gdj,56273.10,17.27,0.01,F,I,EFOSC,NTT,2015A&A...579A..40S
LSQ12gdj,56273.10,16.63,0.01,F,R,EFOSC,NTT,2015A&A...579A..40S
LSQ12gdj,56273.10,17.17,0.01,F,Z,EFOSC,NTT,2015A&A...579A..40S
LSQ12gdj,56274.10,17.03,0.01,F,G,EFOSC,NTT,2015A&A...579A..40S
LSQ12gdj,56274.10,17.19,0.01,F,I,EFOSC,NTT,2015A&A...579A..40S
LSQ12gdj,56274.10,16.65,0.01,F,R,EFOSC,NTT,2015A&A...579A..40S
LSQ12gdj,56274.10,17.20,0.02,F,Z,EFOSC,NTT,2015A&A...579A..40S
LSQ12gdj,56275.06979,17.566,0.013,F,B,QUEST,ESO Schmidt,2015ApJS..219...13W
LSQ12gdj,56275.07359,16.849,0.012,F,V,QUEST,ESO Schmidt,2015ApJS..219...13W
LSQ12gdj,56275.07741,16.671,0.011,F,r,QUEST,ESO Schmidt,2015ApJS..219...13W
LSQ12gdj,56275.08108,17.226,0.015,F,i,QUEST,ESO Schmidt,2015ApJS..219...13W
LSQ12gdj,56275.10,17.60,0.01,F,B,EFOSC,NTT,2015A&A...579A..40S
LSQ12gdj,56275.10,17.17,0.01,F,G,EFOSC,NTT,2015A&A...579A..40S
LSQ12gdj,56275.10,17.20,0.01,F,I,EFOSC,NTT,2015A&A...579A..40S
LSQ12gdj,56275.10,17.23,0.01,F,I,EFOSC,NTT,2015A&A...579A..40S
LSQ12gdj,56275.10,16.65,0.02,F,R,EFOSC,NTT,2015A&A...579A..40S
LSQ12gdj,56275.10,16.69,0.01,F,R,EFOSC,NTT,2015A&A...579A..40S
LSQ12gdj,56275.10,16.85,0.01,F,V,EFOSC,NTT,2015A&A...579A..40S
LSQ12gdj,56275.10,17.12,0.01,F,Z,EFOSC,NTT,2015A&A...579A..40S
LSQ12gdj,56276.10,17.34,0.01,F,G,EFOSC,NTT,2015A&A...579A..40S
LSQ12gdj,56276.10,17.22,0.01,F,I,EFOSC,NTT,2015A&A...579A..40S
LSQ12gdj,56276.10,16.69,0.01,F,R,EFOSC,NTT,2015A&A...579A..40S
LSQ12gdj,56276.10,17.17,0.01,F,Z,EFOSC,NTT,2015A&A...579A..40S
LSQ12gdj,56277.10,17.40,0.01,F,G,EFOSC,NTT,2015A&A...579A..40S
LSQ12gdj,56277.10,17.18,0.01,F,I,EFOSC,NTT,2015A&A...579A..40S
LSQ12gdj,56277.10,16.71,0.03,F,R,EFOSC,NTT,2015A&A...579A..40S
LSQ12gdj,56277.10,17.17,0.02,F,Z,EFOSC,NTT,2015A&A...579A..40S
LSQ12gdj,56278.10,17.50,0.01,F,G,EFOSC,NTT,2015A&A...579A..40S
LSQ12gdj,56278.10,17.17,0.03,F,I,EFOSC,NTT,2015A&A...579A..40S
LSQ12gdj,56278.10,16.76,0.01,F,R,EFOSC,NTT,2015A&A...579A..40S
LSQ12gdj,56278.10,17.17,0.01,F,Z,EFOSC,NTT,2015A&A...579A..40S
LSQ12gdj,56279.10,17.52,0.01,F,G,EFOSC,NTT,2015A&A...579A..40S
LSQ12gdj,56279.10,17.19,0.01,F,I,EFOSC,NTT,2015A&A...579A..40S
LSQ12gdj,56279.10,16.79,0.01,F,R,EFOSC,NTT,2015A&A...579A..40S
LSQ12gdj,56279.10,17.20,0.02,F,Z,EFOSC,NTT,2015A&A...579A..40S
LSQ12gdj,56279.3982,19.782,0.269,F,UVW1,UVOT,Swift,2014Ap&SS.354...89B
LSQ12gdj,56279.40,18.18,0.12,F,B,UVOT,Swift,2015A&A...579A..40S
LSQ12gdj,56279.4000,18.354,0.144,F,U,UVOT,Swift,2014Ap&SS.354...89B
LSQ12gdj,56279.40,18.40,0.17,F,U,UVOT,Swift,2015A&A...579A..40S
LSQ12gdj,56279.40,19.61,0.26,F,UVW1,UVOT,Swift,2015A&A...579A..40S
LSQ12gdj,56279.40,17.11,0.10,F,V,UVOT,Swift,2015A&A...579A..40S
LSQ12gdj,56279.4007,18.084,0.095,F,B,UVOT,Swift,2014Ap&SS.354...89B
LSQ12gdj,56279.4025,20.640,,T,UVW2,UVOT,Swift,2014Ap&SS.354...89B
LSQ12gdj,56279.4052,17.001,0.088,F,V,UVOT,Swift,2014Ap&SS.354...89B
LSQ12gdj,56279.4075,20.739,,T,UVM2,UVOT,Swift,2014Ap&SS.354...89B
LSQ12gdj,56282.10,17.81,0.01,F,G,EFOSC,NTT,2015A&A...579A..40S
LSQ12gdj,56282.10,17.18,0.01,F,I,EFOSC,NTT,2015A&A...579A..40S
LSQ12gdj,56282.10,16.87,0.02,F,R,EFOSC,NTT,2015A&A...579A..40S
LSQ12gdj,56282.10,17.21,0.14,F,Z,EFOSC,NTT,2015A&A...579A..40S
LSQ12gdj,56283.10,18.36,0.02,F,B,EFOSC,NTT,2015A&A...579A..40S
LSQ12gdj,56283.10,17.89,0.01,F,G,EFOSC,NTT,2015A&A...579A..40S
LSQ12gdj,56283.10,17.22,0.01,F,I,EFOSC,NTT,2015A&A...579A..40S
LSQ12gdj,56283.10,17.23,0.01,F,I,EFOSC,NTT,2015A&A...579A..40S
LSQ12gdj,56283.10,16.92,0.01,F,R,EFOSC,NTT,2015A&A...579A..40S
LSQ12gdj,56283.10,16.93,0.01,F,R,EFOSC,NTT,2015A&A...579A..40S
LSQ12gdj,56283.10,17.24,0.01,F,V,EFOSC,NTT,2015A&A...579A..40S
LSQ12gdj,56283.10,17.24,0.03,F,Z,EFOSC,NTT,2015A&A...579A..40S
LSQ12gdj,56283.10745,18.337,0.018,F,B,QUEST,ESO Schmidt,2015ApJS..219...13W
LSQ12gdj,56283.11152,17.292,0.011,F,V,QUEST,ESO Schmidt,2015ApJS..219...13W
LSQ12gdj,56283.11603,16.911,0.009,F,r,QUEST,ESO Schmidt,2015ApJS..219...13W
LSQ12gdj,56283.1203,17.257,0.012,F,i,QUEST,ESO Schmidt,2015ApJS..219...13W
LSQ12gdj,56284.00,18.42,0.02,F,B,EFOSC,NTT,2015A&A...579A..40S
LSQ12gdj,56284.00,17.26,0.01,F,I,EFOSC,NTT,2015A&A...579A..40S
LSQ12gdj,56284.00,16.96,0.01,F,R,EFOSC,NTT,2015A&A...579A..40S
LSQ12gdj,56284.00,17.31,0.02,F,V,EFOSC,NTT,2015A&A...579A..40S
LSQ12gdj,56284.02515,17.379,0.024,F,V,QUEST,ESO Schmidt,2015ApJS..219...13W
LSQ12gdj,56284.03052,17.349,0.012,F,V,QUEST,ESO Schmidt,2015ApJS..219...13W
LSQ12gdj,56284.03605,18.393,0.021,F,B,QUEST,ESO Schmidt,2015ApJS..219...13W
LSQ12gdj,56284.04243,16.935,0.009,F,r,QUEST,ESO Schmidt,2015ApJS..219...13W
LSQ12gdj,56284.04767,17.278,0.011,F,i,QUEST,ESO Schmidt,2015ApJS..219...13W
LSQ12gdj,56284.10,17.86,0.02,F,G,EFOSC,NTT,2015A&A...579A..40S
LSQ12gdj,56284.10,17.15,0.01,F,I,EFOSC,NTT,2015A&A...579A..40S
LSQ12gdj,56284.10,16.97,0.01,F,R,EFOSC,NTT,2015A&A...579A..40S
LSQ12gdj,56284.10,17.28,0.02,F,Z,EFOSC,NTT,2015A&A...579A..40S
LSQ12gdj,56285.00,18.44,0.02,F,B,EFOSC,NTT,2015A&A...579A..40S
LSQ12gdj,56285.00,17.26,0.01,F,I,EFOSC,NTT,2015A&A...579A..40S
LSQ12gdj,56285.00,17.01,0.01,F,R,EFOSC,NTT,2015A&A...579A..40S
LSQ12gdj,56285.00,17.31,0.01,F,V,EFOSC,NTT,2015A&A...579A..40S
LSQ12gdj,56285.02434,17.373,0.014,F,V,QUEST,ESO Schmidt,2015ApJS..219...13W
LSQ12gdj,56285.03088,18.415,0.018,F,B,QUEST,ESO Schmidt,2015ApJS..219...13W
LSQ12gdj,56285.03691,16.989,0.01,F,r,QUEST,ESO Schmidt,2015ApJS..219...13W
LSQ12gdj,56285.04191,17.277,0.014,F,i,QUEST,ESO Schmidt,2015ApJS..219...13W
LSQ12gdj,56285.10,18.03,0.01,F,G,EFOSC,NTT,2015A&A...579A..40S
LSQ12gdj,56285.10,17.23,0.01,F,I,EFOSC,NTT,2015A&A...579A..40S
LSQ12gdj,56285.10,16.96,0.01,F,R,EFOSC,NTT,2015A&A...579A..40S
LSQ12gdj,56285.10,17.37,0.02,F,Z,EFOSC,NTT,2015A&A...579A..40S
LSQ12gdj,56286.10,18.02,0.01,F,G,EFOSC,NTT,2015A&A...579A..40S
LSQ12gdj,56286.10,17.26,0.01,F,I,EFOSC,NTT,2015A&A...579A..40S
LSQ12gdj,56286.10,17.05,0.01,F,R,EFOSC,NTT,2015A&A...579A..40S
LSQ12gdj,56286.10,17.34,0.02,F,Z,EFOSC,NTT,2015A&A...579A..40S
LSQ12gdj,56286.30,18.76,0.17,F,B,UVOT,Swift,2015A&A...579A..40S
LSQ12gdj,56286.30,19.02,0.25,F,U,UVOT,Swift,2015A&A...579A..40S
LSQ12gdj,56286.30,17.49,0.13,F,V,UVOT,Swift,2015A&A...579A..40S
LSQ12gdj,56286.3249,20.258,,T,UVW1,UVOT,Swift,2014Ap&SS.354...89B
LSQ12gdj,56286.3261,18.944,0.195,F,U,UVOT,Swift,2014Ap&SS.354...89B
LSQ12gdj,56286.3268,18.595,0.120,F,B,UVOT,Swift,2014Ap&SS.354...89B
LSQ12gdj,56286.3288,20.672,,T,UVW2,UVOT,Swift,2014Ap&SS.354...89B
LSQ12gdj,56286.3306,17.348,0.104,F,V,UVOT,Swift,2014Ap&SS.354...89B
LSQ12gdj,56286.3333,20.737,,T,UVM2,UVOT,Swift,2014Ap&SS.354...89B
LSQ12gdj,56287.10,18.06,0.01,F,G,EFOSC,NTT,2015A&A...579A..40S
LSQ12gdj,56287.10,17.37,0.02,F,I,EFOSC,NTT,2015A&A...579A..40S
LSQ12gdj,56287.10,17.02,0.02,F,R,EFOSC,NTT,2015A&A...579A..40S
LSQ12gdj,56287.10,17.32,0.01,F,Z,EFOSC,NTT,2015A&A...579A..40S
LSQ12gdj,56288.00,18.59,0.02,F,B,EFOSC,NTT,2015A&A...579A..40S
LSQ12gdj,56288.00,17.37,0.01,F,I,EFOSC,NTT,2015A&A...579A..40S
LSQ12gdj,56288.00,17.12,0.01,F,R,EFOSC,NTT,2015A&A...579A..40S
LSQ12gdj,56288.00,17.43,0.01,F,V,EFOSC,NTT,2015A&A...579A..40S
LSQ12gdj,56288.03238,17.51,0.011,F,V,QUEST,ESO Schmidt,2015ApJS..219...13W
LSQ12gdj,56288.03901,18.551,0.019,F,B,QUEST,ESO Schmidt,2015ApJS..219...13W
LSQ12gdj,56288.0455,17.102,0.009,F,r,QUEST,ESO Schmidt,2015ApJS..219...13W
LSQ12gdj,56288.04997,17.378,0.012,F,i,QUEST,ESO Schmidt,2015ApJS..219...13W
LSQ12gdj,56288.10,18.17,0.01,F,G,EFOSC,NTT,2015A&A...579A..40S
LSQ12gdj,56288.10,17.38,0.01,F,I,EFOSC,NTT,2015A&A...579A..40S
LSQ12gdj,56288.10,17.10,0.01,F,R,EFOSC,NTT,2015A&A...579A..40S
LSQ12gdj,56288.10,17.44,0.02,F,Z,EFOSC,NTT,2015A&A...579A..40S
LSQ12gdj,56289.10,18.18,0.02,F,G,EFOSC,NTT,2015A&A...579A..40S
LSQ12gdj,56289.10,17.45,0.03,F,I,EFOSC,NTT,2015A&A...579A..40S
LSQ12gdj,56289.10,17.10,0.02,F,R,EFOSC,NTT,2015A&A...579A..40S
LSQ12gdj,56289.10,17.41,0.02,F,Z,EFOSC,NTT,2015A&A...579A..40S
LSQ12gdj,56290.10,18.25,0.02,F,G,EFOSC,NTT,2015A&A...579A..40S
LSQ12gdj,56290.10,17.46,0.01,F,I,EFOSC,NTT,2015A&A...579A..40S
LSQ12gdj,56290.10,17.18,0.01,F,R,EFOSC,NTT,2015A&A...579A..40S
LSQ12gdj,56290.10,17.52,0.03,F,Z,EFOSC,NTT,2015A&A...579A..40S
LSQ12gdj,56291.10,18.33,0.01,F,G,EFOSC,NTT,2015A&A...579A..40S
LSQ12gdj,56291.10,17.49,0.01,F,I,EFOSC,NTT,2015A&A...579A..40S
LSQ12gdj,56291.10,17.27,0.01,F,R,EFOSC,NTT,2015A&A...579A..40S
LSQ12gdj,56291.10,17.61,0.02,F,Z,EFOSC,NTT,2015A&A...579A..40S
LSQ12gdj,56292.00,17.54,0.01,F,I,EFOSC,NTT,2015A&A...579A..40S
LSQ12gdj,56292.00,17.29,0.01,F,R,EFOSC,NTT,2015A&A...579A..40S
LSQ12gdj,56292.00,17.62,0.02,F,V,EFOSC,NTT,2015A&A...579A..40S
LSQ12gdj,56292.01785,17.657,0.169,F,V,QUEST,ESO Schmidt,2015ApJS..219...13W
LSQ12gdj,56292.02377,17.691,0.017,F,V,QUEST,ESO Schmidt,2015ApJS..219...13W
LSQ12gdj,56292.03341,17.267,0.009,F,r,QUEST,ESO Schmidt,2015ApJS..219...13W
LSQ12gdj,56292.03836,17.543,0.012,F,i,QUEST,ESO Schmidt,2015ApJS..219...13W
LSQ12gdj,56293.40,19.11,0.24,F,B,UVOT,Swift,2015A&A...579A..40S
LSQ12gdj,56293.40,18.98,0.28,F,U,UVOT,Swift,2015A&A...579A..40S
LSQ12gdj,56293.40,19.91,0.33,F,UVW1,UVOT,Swift,2015A&A...579A..40S
LSQ12gdj,56293.40,17.71,0.16,F,V,UVOT,Swift,2015A&A...579A..40S
LSQ12gdj,56293.4242,20.119,,T,UVW1,UVOT,Swift,2014Ap&SS.354...89B
LSQ12gdj,56293.4259,18.906,0.230,F,U,UVOT,Swift,2014Ap&SS.354...89B
LSQ12gdj,56293.4266,18.890,0.169,F,B,UVOT,Swift,2014Ap&SS.354...89B
LSQ12gdj,56293.4283,20.612,,T,UVW2,UVOT,Swift,2014Ap&SS.354...89B
LSQ12gdj,56293.4310,17.540,0.122,F,V,UVOT,Swift,2014Ap&SS.354...89B
LSQ12gdj,56293.4331,20.718,,T,UVM2,UVOT,Swift,2014Ap&SS.354...89B
LSQ12gdj,56294.00,17.68,0.01,F,I,EFOSC,NTT,2015A&A...579A..40S
LSQ12gdj,56294.00,17.40,0.01,F,R,EFOSC,NTT,2015A&A...579A..40S
LSQ12gdj,56294.00,17.77,0.02,F,V,EFOSC,NTT,2015A&A...579A..40S
LSQ12gdj,56294.04054,17.688,0.015,F,i,QUEST,ESO Schmidt,2015ApJS..219...13W
LSQ12gdj,56294.04506,17.373,0.009,F,r,QUEST,ESO Schmidt,2015ApJS..219...13W
LSQ12gdj,56294.05151,17.808,0.009,F,V,QUEST,ESO Schmidt,2015ApJS..219...13W
LSQ12gdj,56296.04196,17.902,0.009,F,V,QUEST,ESO Schmidt,2015ApJS..219...13W
LSQ12gdj,56296.04904,17.481,0.006,F,r,QUEST,ESO Schmidt,2015ApJS..219...13W
LSQ12gdj,56296.05361,17.8,0.01,F,i,QUEST,ESO Schmidt,2015ApJS..219...13W
LSQ12gdj,56296.10,17.77,0.01,F,I,EFOSC,NTT,2015A&A...579A..40S
LSQ12gdj,56296.10,17.49,0.01,F,R,EFOSC,NTT,2015A&A...579A..40S
LSQ12gdj,56296.10,17.84,0.02,F,V,EFOSC,NTT,2015A&A...579A..40S
LSQ12gdj,56297.05566,17.945,0.01,F,V,QUEST,ESO Schmidt,2015ApJS..219...13W
LSQ12gdj,56297.06276,17.852,0.012,F,i,QUEST,ESO Schmidt,2015ApJS..219...13W
LSQ12gdj,56297.06732,17.549,0.007,F,r,QUEST,ESO Schmidt,2015ApJS..219...13W
LSQ12gdj,56297.10,17.83,0.01,F,I,EFOSC,NTT,2015A&A...579A..40S
LSQ12gdj,56297.10,17.55,0.01,F,R,EFOSC,NTT,2015A&A...579A..40S
LSQ12gdj,56297.10,17.89,0.02,F,V,EFOSC,NTT,2015A&A...579A..40S
LSQ12gdj,56299.05186,18.036,0.009,F,V,QUEST,ESO Schmidt,2015ApJS..219...13W
LSQ12gdj,56299.05758,17.968,0.012,F,i,QUEST,ESO Schmidt,2015ApJS..219...13W
LSQ12gdj,56299.06203,17.631,0.009,F,r,QUEST,ESO Schmidt,2015ApJS..219...13W
LSQ12gdj,56299.10,17.95,0.01,F,I,EFOSC,NTT,2015A&A...579A..40S
LSQ12gdj,56299.10,17.64,0.01,F,R,EFOSC,NTT,2015A&A...579A..40S
LSQ12gdj,56299.10,17.98,0.02,F,V,EFOSC,NTT,2015A&A...579A..40S
LSQ12gdj,56300.10,19.17,0.25,F,B,UVOT,Swift,2015A&A...579A..40S
LSQ12gdj,56300.10,18.13,0.22,F,V,UVOT,Swift,2015A&A...579A..40S
LSQ12gdj,56300.1060,20.107,,T,UVW1,UVOT,Swift,2014Ap&SS.354...89B
LSQ12gdj,56300.1076,19.351,0.323,F,U,UVOT,Swift,2014Ap&SS.354...89B
LSQ12gdj,56300.1085,18.939,0.173,F,B,UVOT,Swift,2014Ap&SS.354...89B
LSQ12gdj,56300.1109,20.602,,T,UVW2,UVOT,Swift,2014Ap&SS.354...89B
LSQ12gdj,56300.1132,17.896,0.154,F,V,UVOT,Swift,2014Ap&SS.354...89B
LSQ12gdj,56300.1166,20.692,,T,UVM2,UVOT,Swift,2014Ap&SS.354...89B
LSQ12gdj,56316.00,18.77,0.04,F,I,EFOSC,NTT,2015A&A...579A..40S
LSQ12gdj,56316.00,18.31,0.03,F,R,EFOSC,NTT,2015A&A...579A..40S
LSQ12gdj,56316.00,18.48,0.04,F,V,EFOSC,NTT,2015A&A...579A..40S
LSQ12gdj,56316.02837,18.315,0.033,F,r,QUEST,ESO Schmidt,2015ApJS..219...13W
LSQ12gdj,56316.03532,18.787,0.039,F,i,QUEST,ESO Schmidt,2015ApJS..219...13W
LSQ12gdj,56316.04067,18.248,0.012,F,r,QUEST,ESO Schmidt,2015ApJS..219...13W
LSQ12gdj,56318.00,18.55,0.03,F,V,EFOSC,NTT,2015A&A...579A..40S
LSQ12gdj,56318.02346,18.552,0.06,F,V,QUEST,ESO Schmidt,2015ApJS..219...13W
LSQ12gdj,56318.03024,18.554,0.043,F,V,QUEST,ESO Schmidt,2015ApJS..219...13W
LSQ12gdj,56319.02644,18.578,0.042,F,V,QUEST,ESO Schmidt,2015ApJS..219...13W
LSQ12gdj,56319.03266,18.619,0.046,F,V,QUEST,ESO Schmidt,2015ApJS..219...13W
LSQ12gdj,56319.03736,18.653,0.046,F,V,QUEST,ESO Schmidt,2015ApJS..219...13W
LSQ12gdj,56320.03251,18.642,0.053,F,V,QUEST,ESO Schmidt,2015ApJS..219...13W
LSQ12gdj,56679.7609,19.891,,T,UVW1,UVOT,Swift,2014Ap&SS.354...89B
LSQ12gdj,56679.7620,19.351,,T,U,UVOT,Swift,2014Ap&SS.354...89B
LSQ12gdj,56679.7627,19.717,,T,B,UVOT,Swift,2014Ap&SS.354...89B
LSQ12gdj,56679.7646,20.389,,T,UVW2,UVOT,Swift,2014Ap&SS.354...89B
LSQ12gdj,56679.7662,18.782,,T,V,UVOT,Swift,2014Ap&SS.354...89B
LSQ12gdj,56679.7692,20.516,,T,UVM2,UVOT,Swift,2014Ap&SS.354...89B